site,grid,vrm_1cm,height_diff,mean_curv,mean_pro_curv,mean_plan_curv,vrm_dev
CC,1,0.035415997,1.692785263,0.086572956,-1.241380477,-1.154807521,0.011680112
CC,2,0.022836576,0.746335983,-0.118900811,-1.922523445,-2.041424256,0.011768251
CC,3,0.030708154,0.947366238,-0.014353346,-1.694613461,-1.710260802,0.014600924
CC,4,0.035071285,0.831122398,-0.399320257,-2.300498713,-2.699818971,0.007141488
CC,5,0.094109331,2.918553829,-0.515070611,20.07958629,19.53787397,0.004622018
CC,6,0.166996309,4.828160763,-0.140335,27.33444777,27.19411277,0.028634249
CC,7,0.100481688,3.488270283,-1.304614019,18.12848719,16.82274823,0.01047922
CC,8,0.101820493,3.62041235,-0.048758212,5.062501037,5.013710166,0.024646974
CC,9,0.142454449,4.995571136,-0.599608451,42.60244482,42.00053616,0.012204752
CC,10,0.069978886,4.161389351,-0.610428864,7.504247666,6.99116048,0.007437076
CC,11,0.140963948,4.01829052,0.105737811,50.36170524,50.46673596,0.038272947
CC,12,0.157697383,4.784386635,-0.982181772,36.80750571,35.83607516,-0.000283716
CC,13,0.092703926,4.672982693,-0.361514086,95.62993951,95.26842543,0.005882158
CC,15,0.138928619,3.701766968,-0.215404427,41.81457294,41.62697874,0.016654292
CC,16,0.128049705,4.790117741,-0.13052812,75.38875388,75.25085301,0.047521079
CC,17,0.087426997,2.921301365,0.029663838,5.286884901,5.316548738,0.025523428
CC,18,0.10483215,2.319768906,0.250315669,19.19991967,19.45076883,0.034801964
CC,19,0.104332597,3.490461349,0.31877887,20.92732738,21.24598287,0.004256762
CC,20,0.150145323,4.058416843,0.476624217,28.63410922,29.11116916,0.006809919
CC,21,0.069467188,1.587471008,0.138800168,-5.668963383,-5.534759984,0.002938155
CC,22,0.082217612,1.370672226,0.307782416,-9.165390553,-8.857608137,-0.009468511
CC,23,0.106605119,1.688053131,-0.248397326,-12.12708522,-12.37787565,-0.013028849
CC,24,0.110231017,3.569201946,-1.226973031,14.78264879,13.55791402,-0.0037039
CC,25,0.069132131,2.799720764,0.335340352,3.204175961,3.539516313,0.021962442
CC,26,0.073806321,1.932217598,-0.365228235,-6.445816299,-6.827538248,0.015371271
CC,27,0.070183669,2.377510071,1.016706434,4.002880147,5.019586581,0.011588436
CC,28,0.035999664,1.89293623,0.081543306,-3.521330528,-3.440229671,0.014143972
CC,29,0.060192052,2.726279736,-0.167842089,-3.125457557,-3.293299646,0.020084056
CC,30,0.046441569,1.570858002,0.113252223,-1.633057468,-1.519636879,0.022022827
CC,31,0.088580562,2.009831429,0.194368829,-5.387433076,-5.193017101,0.008203864
CC,32,0.07671454,1.918775558,0.013790417,-0.478335968,-0.46454555,-0.0049536
CC,33,0.071769853,1.943676949,-0.127237521,-9.046371723,-9.174678493,0.004771027
CC,34,0.087091536,1.585726738,1.193418728,-6.945154304,-5.752733576,-0.005244188
CC,35,0.109401625,3.316531181,0.032167029,-1.594758449,-1.562591421,-0.008041486
CC,36,0.092582441,2.762048244,-0.06612808,1.016581753,0.956019155,-0.002574823
CC,37,0.129459215,2.826058388,-1.222663764,42.89180236,41.6691386,0.012787912
CC,38,0.147629621,3.089624882,-0.59081356,1.225920618,0.635648915,-0.011892135
CC,39,0.053489281,1.317032337,-0.003870136,-3.826351786,-3.830199472,0.018194259
CC,40,0.054539668,1.260557652,0.115880016,-4.803818292,-4.687887854,0.008275762
CC,41,0.080459621,2.359375477,-0.642998477,-1.680331794,-2.323964531,0.007094432
CC,42,0.105566464,2.516656876,-0.264566703,3.80977449,3.54560391,0.0043567
CC,43,0.079077879,2.366055489,-0.472777137,-3.712841888,-4.189672927,0.004623087
CC,44,0.084959886,1.687732697,0.901602652,-4.326357647,-3.406479781,0.010020853
CC,45,0.085642567,2.722586632,-0.280304408,-5.689626644,-5.969389359,0.019124712
CC,46,0.061037347,2.011665821,0.807287361,-1.376034044,-0.568746683,0.017969407
CC,47,0.073661887,2.069231033,0.631462528,0.454476912,1.086242701,0.007543301
CC,48,0.10375016,2.693343163,-0.638411171,-8.725666619,-9.363661174,0.000951327
CC,49,0.107547203,2.807627201,0.308325684,6.61260074,6.919757619,0.017035617
CC,50,0.090536182,2.786242008,-1.01482429,4.3352888,3.320124834,0.00627355
CC,51,0.047371125,1.652524471,0.570394738,-2.20115832,-1.631215119,0.01113935
CC,52,0.054489009,1.687376976,0.184161947,-3.677230629,-3.493068682,0.014736589
CC,53,0.083682983,2.282017708,0.456710671,-0.473653095,-0.015752422,0.000207218
CC,54,0.094344198,2.461202621,-0.005224589,-3.932212551,-3.937692642,0.003490873
CC,55,0.084066325,2.384752274,0.676300536,-6.849480765,-6.171952088,0.015037511
CC,56,0.071972338,2.32454443,0.27737797,-0.098795145,0.178582824,0.007930932
CC,57,0.08522743,1.797259808,-0.185554989,-6.272107295,-6.457662284,0.010583769
CC,58,0.100108183,2.258886337,-0.230509633,0.510889217,0.272768941,-0.003439409
CC,59,0.156303592,3.988415718,-0.091311912,116.3953712,116.3166247,0.045283877
CC,61,0.086803496,2.504466534,-0.201851887,-1.881579318,-2.083431205,0.004874241
CC,62,0.058528587,2.724779606,0.191177245,-1.928547297,-1.737370052,0.010431534
CC,63,0.065692358,1.82612896,0.157207557,-0.431989132,-0.274613135,0.015809789
CC,64,0.070935738,2.43675518,0.334930844,-0.424514338,-0.089031877,0.013221849
CC,65,0.119154384,2.942321301,-0.340866751,34.31118048,33.96381348,0.01922287
CC,66,0.133614996,2.814266682,0.408135774,6.31713782,6.725273594,8.18E-05
CC,67,0.101483236,2.671600342,0.422692062,-6.344275879,-5.921903997,0.004776862
CC,68,0.079119167,2.367356777,0.24594744,-7.40132335,-7.155181411,0.012114595
CC,69,0.109760207,2.586732388,0.284136816,-6.574450803,-6.290313987,0.012740483
CC,70,0.092045699,5.699969292,-0.509948934,9.680738121,9.115396851,0.033314245
CC,71,0.102377354,3.868895531,0.174138589,57.06216788,57.23709261,0.004324489
CC,72,0.055899036,2.674636841,0.104000441,12.27718237,12.37985958,0.028383628
CC,73,0.066730375,2.566537857,1.18928592,1.016116803,2.20540207,0.029065436
CC,74,0.078673436,2.521672726,-0.570540429,0.680201725,0.109926903,0.025302718
CC,75,0.078937162,2.796762466,0.080821279,6.760173777,6.840995056,0.024237335
CC,76,0.055079645,2.236108303,0.630123225,5.966494848,6.596483508,0.02891167
CC,77,0.070432823,1.880133152,-0.018702971,-9.708121763,-9.729512743,0.018017633
CC,78,0.079985348,2.0475173,-0.174253831,-10.72332016,-10.8989213,0.015321983
CC,79,0.077413106,2.045582294,-0.359374482,-11.66095007,-12.00902402,0.021284621
CC,80,0.090474402,2.970870495,0.123466344,0.790730129,0.914130664,0.034775044
CC,81,0.045482512,1.828660965,-0.078674153,1.050488912,0.994922592,0.021504421
CC,82,0.06443374,2.511548996,0.321586359,-0.343709536,-0.022405823,0.030447047
CC,83,0.065617552,2.676318169,-1.108961586,2.038420428,0.931253367,0.03273738
CC,84,0.083908996,2.382192612,-0.6329731,18.53804264,17.90506954,0.023782217
CC,85,0.061435873,2.499438763,0.329934978,-0.626219791,-0.296261661,0.023466001
CC,86,0.061390142,2.133352757,0.136236186,-7.341463305,-7.205484212,0.014892983
CC,87,0.080575854,2.338724613,-0.128137329,-9.305314472,-9.44408914,0.013867927
CC,88,0.066877006,1.747944355,0.022723721,-5.980353597,-5.957629877,0.022352541
CC,89,0.06567293,1.597603798,0.389644556,-11.28573749,-10.89736758,0.021221208
CC,90,0.063987544,2.197609425,-0.278850682,-4.535623941,-4.814474623,0.034933513
CC,91,0.086179665,2.897631645,0.02801866,15.95419753,15.98249683,0.017873271
CC,92,0.082505541,2.922916412,0.202248662,9.221315895,9.423200111,0.025873293
CC,93,0.081531089,3.206726551,0.377861934,16.80487944,17.18274138,0.012171445
CC,94,0.073566598,3.187773228,-0.40073162,14.25284978,13.85211816,0.025571405
CC,95,0.071416458,2.530629635,0.11952098,-11.47543725,-11.35591627,0.016835745
CC,96,0.050872008,2.57507515,0.083941623,-5.521483872,-5.437542249,0.017777416
CC,97,0.083680643,2.289327621,-0.238678917,-10.8381544,-11.07683332,0.024080922
CC,98,0.082484749,1.755052567,-0.113942985,-10.49514285,-10.60908583,0.036328871
CR,1,0.065104788,2.110561371,-0.0623416,-3.97812934,-4.039570178,-0.003699302
CR,2,0.057774282,1.006903648,0.014615022,-5.611555532,-5.596909575,-0.003687849
CR,3,0.060262571,1.749868393,-0.268889019,-3.754704001,-4.018733842,0.004484456
CR,4,0.057789579,2.547242641,-0.326712347,-3.636365856,-3.962352502,0.002995772
CR,5,0.071142893,1.72933197,0.074332817,-4.370890555,-4.296803067,0.009071683
CR,6,0.046122228,2.018838882,0.44600469,-2.608268938,-2.162914019,0.014177693
CR,7,0.055889539,1.658190727,0.087909617,-3.276381397,-3.188763468,0.008876857
CR,8,0.054804082,1.467518806,-0.192050117,-2.742448762,-2.934657615,0.012285972
CR,9,0.064953339,2.183596611,0.13893725,-3.891207654,-3.752311122,0.008050148
CR,10,0.063427694,1.842902184,0.8315295,-3.896104796,-3.063400911,0.008913535
CR,11,0.057761594,1.708381653,0.134943846,-2.560016858,-2.424468503,0.009032775
CR,12,0.079851182,2.352329731,-0.192714491,-3.636880558,-3.830280293,0.000846045
CR,13,0.082960653,1.682790279,-0.016024436,-7.421199368,-7.438057318,0.003032524
CR,15,0.053076262,3.270487785,0.017425816,-1.453486618,-1.437993965,0.004546672
CR,16,0.046382569,1.760848999,0.017251753,-2.6149777,-2.597461738,0.013241174
CR,17,0.055556161,2.516582489,-0.02573608,-3.513032293,-3.538768374,0.011127361
CR,18,0.069517318,2.423336029,-0.0854843,-3.854478547,-3.940629172,0.010635663
CR,19,0.077376448,2.717886925,-0.015087881,-5.664574612,-5.679813031,0.00876133
CR,20,0.090959735,3.04733181,0.112786493,-5.518503663,-5.399544258,0.00934816
CR,21,0.075544889,2.498052597,0.094732371,-0.173562102,-0.081895113,0.012593214
CR,22,0.058561824,1.620936394,0.146318905,-4.123297674,-3.965537432,0.003988559
CR,23,0.086333094,1.812607765,-0.246007534,-10.37922249,-10.61991159,-0.002153389
CR,24,0.102384835,1.495941162,-0.274475898,-12.4695998,-12.7474897,-0.014869139
CR,25,0.083971396,2.938838005,-0.103790504,-3.985869733,-4.077170104,-0.00089219
CR,26,0.094887459,2.671134949,-0.581326501,-7.065142863,-7.645265139,-0.003359932
CR,27,0.066051705,1.756376266,-0.007636839,-7.175521116,-7.175647572,-0.001849448
CR,28,0.061624016,2.17815876,0.220609663,-3.98185421,-3.739551124,0.008089458
CR,29,0.078207166,2.647110939,-0.104530313,-2.305846067,-2.428044298,0.003952889
CR,30,0.087049042,1.827741623,0.173613267,-1.460772069,-1.26342863,-0.000792811
CR,31,0.061191351,1.904438019,-0.206189818,-2.061424396,-2.261868703,-0.000177424
CR,32,0.062203287,2.966527939,-0.331328364,7.474347485,7.197805079,0.007249191
CR,33,0.076684483,1.54580307,0.026218481,-6.343671063,-6.305313113,-0.010132035
CR,34,0.081808089,1.442287445,-0.059973468,-7.539565303,-7.624249342,-0.012872544
CR,35,0.072723582,2.157050133,-0.162653628,-1.836841303,-2.001741487,0.004494925
CR,36,0.062822648,1.787150383,-0.354784069,-1.642033013,-2.000096894,0.014175112
CR,37,0.103235299,3.097588062,-0.284350479,6.291133798,6.001037171,-0.007656257
CR,38,0.03074755,1.135232925,0.014323867,-1.277979664,-1.263215279,-0.002617406
CR,39,0.021935367,0.82601738,0.021981403,-0.571796202,-0.550065348,-0.004076948
CR,40,0.104489829,2.870377541,-0.214842996,3.566169002,3.345401178,-0.013408141
CR,41,0.089855786,2.558746815,0.261791818,3.518715542,3.789092924,-0.010750319
CR,42,0.101797749,3.182602882,-0.228337937,29.31157241,29.07495664,0.013853164
CR,43,0.098058858,1.375114441,-0.104646074,-5.655170151,-5.759816225,0.000107733
CR,44,0.08643241,1.126806259,0.281843872,-8.771935756,-8.490091884,0.00923138
CR,45,0.059075486,0.848882675,0.707149562,-3.429466127,-2.720370044,0.021392667
CR,46,0.091094097,1.670002937,0.755158734,-3.397906499,-2.642747765,0.014927225
CR,47,0.14742021,1.436548233,-1.481071161,-4.861873648,-6.341233388,-0.013148405
CR,48,0.100719742,2.660960197,0.637956128,-7.578779599,-6.949034963,-0.004467002
CR,49,0.090271133,2.182385921,-0.034886996,-3.878967517,-3.913996622,0.006716053
CR,50,0.096533158,2.471953392,3.227617861,14.79773602,18.02535388,0.012169515
CR,51,0.104202041,2.172542572,-0.001405447,-4.832166643,-4.847894087,0.000617175
CR,52,0.099672904,2.62977457,0.460294442,-4.11740698,-3.647416717,-0.011832287
CR,53,0.110760816,2.094903469,0.252866723,-1.985766497,-1.741865567,-0.016600578
CR,54,0.082899798,1.13276577,-0.188668596,-8.282347655,-8.471016251,-0.01916114
CR,55,0.074507892,1.299198151,-0.502298784,-4.122515577,-4.623947494,0.001005384
CR,56,0.089248564,2.00136137,0.149248291,-4.823674905,-4.674426615,-0.005297487
CR,57,0.12781502,1.521069527,0.137876451,-13.29620013,-13.15917005,-0.013892748
CR,58,0.078524064,1.847738266,0.268976995,-5.710397214,-5.442328666,-0.000332622
CR,59,0.103970754,2.494835377,0.155373112,-8.010741461,-7.876585215,0.004183174
CR,60,0.154203814,2.90631485,-1.245414714,68.70418905,67.46039218,0.01003432
CR,61,0.068628121,1.661762238,0.002934635,10.90729926,10.91029293,0.007882615
CR,62,0.080551316,3.214319706,-0.367421513,16.34681935,15.97886005,0.012437642
CR,63,0.068020837,1.665932655,0.032942016,9.82451271,9.85752548,0.005547018
CR,64,0.045145603,1.727958679,-0.2014441,4.392448981,4.191381722,0.008610423
CR,65,0.070471739,1.678114891,-0.220911624,8.105093698,7.882176685,0.003452882
CR,66,0.020071279,1.399516106,-0.065043339,-0.69672798,-0.762174918,0.01583662
CR,67,0.024594847,2.154946327,-0.220468076,2.818262449,2.597241328,0.037352298
CR,68,0.025258065,2.690270424,0.051340367,11.10483974,11.15534678,0.03921017
CR,69,0.008040437,2.219242096,0.354034097,-0.734044395,-0.379634024,0.013401719
CR,70,0.016660593,2.216450691,0.030107462,-0.260107471,-0.228157485,0.022003822
CR,71,0.074185738,2.270252228,-0.297555085,22.01651832,21.71896323,0.001063298
CR,72,0.082061539,2.711640358,-0.195519563,35.41920888,35.22273146,-0.006497888
CR,73,0.06882251,2.544510841,0.184789853,10.37279047,10.55758032,0.003493401
CR,74,0.058762858,1.874814034,0.108610042,5.508643107,5.623100058,0.001865499
CR,75,0.066802447,1.404519081,0.218303214,12.02969036,12.23361097,0.00962096
CR,76,0.016667336,2.129292488,-0.072769026,-0.072268131,-0.145120094,0.017582543
CR,77,0.020446599,1.682811737,0.469451939,-0.594446536,-0.12543942,0.022331908
CR,78,0.019843377,1.144955635,-0.366636893,-0.527104675,-0.893623009,0.017154079
CR,79,0.017846538,1.743309021,0.279279843,-0.645507493,-0.366225875,0.016142628
CR,80,0.009887072,1.504091263,0.262685468,0.562476341,0.821765762,0.012624321
CR,81,0.055503833,2.597961426,-0.251912811,0.075053835,-0.175823814,0.023354824
CR,82,0.04998166,2.421360016,-0.149674363,-0.802515982,-0.951386511,0.020985111
CR,83,0.128797625,4.705024242,-0.287401849,3.258835507,2.971232312,0.001400683
CR,84,0.042027618,2.848414898,0.150264456,-2.660917243,-2.510562423,0.017362573
CR,85,0.055522111,3.588540077,0.106436945,-1.684907468,-1.578453761,0.020605359
CR,86,0.089868752,3.551327705,0.248049509,-4.240034737,-3.992039508,0.011965686
CR,87,0.091906394,2.396616936,-0.275748368,-0.749204165,-1.021287774,0.022079317
CR,88,0.078956875,1.835591316,-0.009047975,-10.12834088,-10.13709069,0.012258123
CR,89,0.083207116,1.638442039,-0.082394553,-7.96968547,-8.052118894,0.015827572
CR,90,0.066549965,1.848779678,0.312150956,-8.006291488,-7.692190754,-0.000717669
CR,91,0.058333244,2.283024311,0.12393927,-5.279351885,-5.156595011,0.006857191
CR,92,0.0836884,2.642847061,-0.323475702,-9.61903139,-9.97050377,0.004909175
CR,93,0.09009683,4.845121861,0.052529143,37.74616087,37.69195524,0.016024854
CR,94,0.056056068,3.803164005,-0.21427914,-2.408803383,-2.677335609,0.010673125
CR,95,0.099695221,2.536513329,0.187664244,2.964903835,3.151446786,0.022148935
CR,96,0.09194649,3.213570118,-0.052888934,3.291950918,3.238993344,0.028486317
CR,97,0.093826424,2.20425415,0.181309344,-3.471484824,-3.290175479,0.011455139
CR,98,0.053116203,1.757832527,-0.083107685,-4.776857188,0,0.011341084
CR,99,0.050884093,1.845334053,-0.171665855,-1.041185507,0,0.012717885
CR,100,0.071697334,2.143701553,0.006679051,7.375104991,0,0.008325177
GC,1,0.044528112,1.397301674,-0.094733214,-2.582801332,-2.677448286,0.004856846
GC,2,0.047044221,1.424940109,0.000870392,-2.523108631,-2.520784935,0.009539254
GC,3,0.042000452,1.028398514,0.057642147,-2.829149264,-2.771064237,0.003179502
GC,4,0.077547092,2.340361118,-0.631071696,-4.042689203,-4.674070628,0.02662207
GC,5,0.111473358,2.642484188,-0.346587691,-5.421083771,-5.770892902,0.013193521
GC,6,0.073286097,1.974411964,-0.177975898,-5.645877801,-5.821718435,0.011883317
GC,7,0.035166788,1.894654274,0.002272183,-3.485476409,-3.48340996,0.005014329
GC,8,0.033120508,1.522868156,0.012248417,-2.57399245,-2.561848961,0.009287537
GC,9,0.045743608,0.98445034,-0.056342641,-3.384627875,-3.442885152,0.00110853
GC,10,0.051365637,1.181838036,-0.24539269,-3.674519871,-3.91991256,0.00665296
GC,11,0.051699952,1.349343777,0.274054491,-3.005332672,-2.730015017,0.017312206
GC,12,0.053585595,0.998190403,0.029666729,-3.458642055,-3.428118083,0.015754625
GC,13,0.042112533,1.99157548,0.252814826,-2.910723557,-2.657998079,0.005844195
GC,14,0.044014906,2.075404167,0.017001479,-3.238501373,-3.221663239,0.008246112
GC,15,0.040745117,1.567250252,-0.024808737,-2.273111564,-2.298712018,0.01367229
GC,16,0.067114051,1.88227129,0.359983405,-4.644825156,-4.284152183,0.014721219
GC,17,0.045413477,0.868495464,0.052989165,-1.811244014,-1.757998371,0.024977108
GC,18,0.038126405,0.729961395,-0.218714475,-1.331536048,-1.554,0.014362495
GC,19,0.048513211,1.262902737,0.074322916,-4.37751969,-4.3031421,-0.000325299
GC,20,0.040435153,1.335576534,0.20533826,-3.07517217,-2.869833909,0.004613584
GC,21,0.065120377,2.007428169,-0.043068033,-6.373319121,-6.416787237,0.017363295
GC,22,0.066875664,1.96548605,0.120993423,-6.080262353,-5.959325387,0.02215052
GC,23,0.062467393,2.572136402,-0.142122267,-3.234357613,-3.376068377,0.021164732
GC,24,0.079357759,1.81750536,0.172121662,-12.17212991,-12.00026786,0.003389457
GC,25,0.04933252,1.332515001,-0.089211015,-4.07113683,-4.168124661,-0.001289671
GC,26,0.083096443,3.110723138,0.393434287,-37.51832775,-37.13079141,-4.66E-06
GC,27,0.062644584,1.310017586,0.307009538,-4.121433103,-3.815739473,0.009848824
GC,28,0.095994972,3.070883751,0.137431141,-7.057107628,-6.919785576,-0.006076088
GC,29,0.061002772,1.6389575,-0.139810871,-4.619376434,-4.758896554,0.014367533
GC,30,0.113864002,2.556245565,-0.931683537,-6.671908056,-7.606717355,-0.012655406
GC,31,0.04419516,1.935882628,0.192112588,-5.22105174,-5.029207079,-0.004338595
GC,32,0.050222451,3.596091747,-0.074271358,-2.31837396,-2.39297782,0.002067296
GC,33,0.057275955,2.280249596,-0.105456364,-1.930988078,-2.036643837,0.023745224
GC,34,0.074588138,1.803956032,0.325923889,-10.11267615,-9.784368138,0.008918897
GC,35,0.052799158,1.737727165,-0.246408263,-2.740419787,-2.98647032,0.019720012
GC,36,0.068798582,2.794156551,-0.080529608,-1.026441154,-1.098126927,0.008598625
GC,37,0.046596904,1.527873889,-0.060029966,-4.996729159,-5.056759126,0.004391448
GC,38,0.037482612,1.873118341,0.447520552,-3.042190522,-2.59466997,0.014727565
GC,39,0.064324371,2.552965164,-0.399344656,-0.325141488,-0.725824591,0.011682257
GC,40,0.064000429,1.966776848,0.180946153,-7.163511785,-6.983632532,0.010747834
GC,41,0.039215774,1.120020866,-0.480080578,-2.22234778,-2.702629707,0.017137
GC,42,0.039978675,1.188145161,-0.072676729,-3.034738291,-3.112998398,0.020506472
GC,43,0.048095691,1.43233794,0.330495257,-2.916730545,-2.586704623,0.018136789
GC,44,0.053827498,2.336733222,-0.069345757,-1.381422931,-1.449994766,0.020256844
GC,45,0.046855733,2.135254383,0.158341627,-2.274709849,-2.116128411,0.012611343
GC,46,0.052104812,1.078323364,0.165036701,-3.2887935,-3.124302959,0.012200349
GC,47,0.045891,0.936754704,0.10276504,-3.070909036,-2.965157569,0.021247093
GC,48,0.04065557,1.177084923,0.031057915,-1.954903461,-1.926588415,0.014851098
GC,49,0.057376073,2.115686536,0.165518096,-5.755170141,-5.590095082,0.009504597
GC,50,0.081054075,2.145813823,0.024377365,-8.183044777,-8.158823247,0.005226637
GC,51,0.057192988,2.191547871,-0.289172403,-3.397283942,-3.686268054,0.021843449
GC,52,0.041596026,0.978331089,-0.019019694,-2.273000832,-2.292020526,0.003476279
GC,53,0.043613635,0.822824478,0.024851877,-3.970432604,-3.941316631,0.00717416
GC,54,0.039523572,1.46642828,0.26415371,-2.432743211,-2.168135087,0.017353587
GC,55,0.074060923,3.964408159,-0.169429393,-12.0554564,-12.22488579,0.007960239
GC,56,0.101559332,4.901409626,-0.390304049,-13.20102014,-13.59132418,-0.001114697
GC,57,0.054731231,2.390646935,0.080511001,-4.11469504,-4.033856098,0.010829775
GC,58,0.044122081,2.188608646,0.207049543,-5.728919811,-5.52172629,0.011001078
GC,59,0.087811112,3.64246273,-0.173020873,-13.03089326,-13.20363039,0.002160061
GC,60,0.053780419,2.594920158,0.031069156,-4.19681237,-4.16571093,0.016036264
GC,61,0.058519744,2.380272865,0.318680412,-7.856414025,-7.538383725,0.000448518
GC,62,0.077781636,3.394599617,-0.24909682,-6.190686363,-6.439783182,0.010933294
GC,63,0.062264985,2.84548378,0.188455329,1.282791137,1.471157853,0.020515841
GC,64,0.059468924,2.121587276,0.059473376,-2.278471454,-2.218291272,0.006674036
GC,65,0.061557681,3.013524055,0.045774241,-9.662929044,-9.617031168,0.014512368
GC,66,0.068265383,2.158207417,-0.090448897,-8.035130831,-8.125647152,0.016041928
GC,67,0.088134284,2.339936495,-0.000499323,-19.74388413,-19.7439079,-0.022465233
GC,68,0.091324202,2.613791227,-0.098621512,-6.133820291,-6.232441803,0.00984528
GC,69,0.065526975,2.612257957,0.416928676,-6.072468213,-5.655114379,0.01382975
GC,70,0.0574246,2.449104309,-0.062239389,-1.411463343,-1.473702732,0.016284888
GC,71,0.044836707,1.639217854,0.02815222,-3.365262311,-3.337678152,0.020466044
GC,72,0.04474123,2.536499023,0.120777271,-2.171241934,-2.050365819,0.020507049
GC,73,0.096960221,4.485035419,0.145548807,-13.85642549,-13.71060425,-0.011656101
GC,74,0.083067458,3.541450262,0.005269261,-11.9191321,-11.91366063,0.015552979
GC,75,0.060946518,2.000501156,-0.257944163,-1.3990535,-1.656847671,0.026479608
GC,76,0.031299151,0.82056284,0.129163777,-2.96322506,-2.834061283,0.011875109
GC,77,0.035560197,0.866494656,-0.057550254,-2.27256035,-2.330158085,0.015792964
GC,78,0.02846848,1.279193401,-0.153098502,-1.058681702,-1.211707798,0.019204916
GC,79,0.092945624,3.315718651,0.136268097,-12.62680532,-12.49133663,-0.00378983
GC,80,0.072247865,2.57523489,-0.01999954,-9.076745483,-9.096745023,0.008323752
GC,81,0.034335631,1.674301624,0.058937873,-1.088248677,-1.027804767,0.024750731
GC,82,0.046577332,0.894397259,0.128142018,-3.579797365,-3.449966359,0.006129281
GC,83,0.032486775,1.067067146,0.026814035,-2.394855975,-2.368089458,0.017626176
GC,84,0.044227247,1.017426014,-0.107223027,-2.847664873,-2.955091696,0.017351506
GC,85,0.056852814,1.494432926,-0.000544399,-4.700933971,-4.701068101,0.005332507
GC,86,0.062030286,2.055645943,0.216432969,-7.48705395,-7.27062098,0.005599031
GC,87,0.049493535,1.751874447,0.16763234,-2.578307889,-2.412974821,0.009674883
GC,88,0.038207136,0.961763859,0.056865255,-3.219022401,-3.162441469,0.013387986
GC,89,0.037699929,0.838140488,-0.140342554,-1.056050532,-1.195306588,0.009280457
GC,90,0.052543039,1.648042202,0.130255457,-3.573552643,-3.44370637,0.001185641
GC,91,0.06512352,2.21833849,-0.256902738,-8.226965739,-8.483868476,0.00931704
GC,92,0.089023011,3.111854553,0.034654108,-0.296586384,-0.262070566,-0.00159707
GC,93,0.057026267,2.608093739,-0.037470327,0.126246395,0.089410453,0.020862392
GC,94,0.037213892,1.281527042,0.15991345,-1.852860211,-1.693188687,0.016840109
GC,95,0.056469592,1.517745972,0.196167888,-2.728345719,-2.533451868,0.017191939
GC,96,0.105377565,1.947481155,-0.122097634,-15.34188418,-15.46579732,0.012979509
GR,1,0.08541727,1.493635178,-0.188252561,-13.03652247,-13.22415616,-0.014589182
GR,2,0.070146547,1.382602692,-0.005059639,-7.717591269,-7.722650908,-0.014284646
GR,3,0.061161623,1.640983582,0.044642336,-8.092953439,-8.047183107,-0.004788803
GR,4,0.09379326,2.39140892,0.013192339,-14.3494132,-14.33609816,-0.012305186
GR,5,0.080317116,1.540002823,0.058376543,-10.63723842,-10.577673,0.00678627
GR,6,0.088818497,1.067746162,-0.10847875,-12.71987641,-12.82796889,0.009936328
GR,7,0.059294649,2.086116791,-0.036521033,-4.908078802,-4.944599835,0.003964578
GR,8,0.0880012,2.93721199,-0.156482248,-7.841499245,-7.997981494,-0.000919627
GR,9,0.085346342,1.56363678,-0.037493503,-9.573560715,-9.610686296,0.008789286
GR,10,0.082567832,1.73229599,0.086729824,-11.66442545,-11.57814135,-0.007435928
GR,11,0.106223361,1.368525505,-0.198588734,-17.33546542,-17.53614757,-0.002942883
GR,12,0.077585435,0.782286644,0.403163792,-14.02728631,-13.62242269,-0.001332965
GR,13,0.045473796,1.010808945,-0.249464581,-5.473321788,-5.724481484,-0.00019658
GR,14,0.036711302,1.377658844,0.481268997,-4.79188156,-4.310222158,0.009935558
GR,15,0.103592294,4.050428391,-0.099712656,-5.52807338,-5.627247719,0.004498647
GR,16,0.072030763,2.8379879,0.113936165,-8.059270265,-7.945679035,0.012201521
GR,17,0.095955668,1.823417664,0.242317584,-13.83950215,-13.60108001,-0.000515067
GR,18,0.063914165,1.418854713,-0.048575103,-8.160207829,-8.210732286,-0.000696097
GR,19,0.078299635,1.88476181,0.1371223,-11.10009213,-10.97112886,0.004142243
GR,20,0.105474843,2.07845974,-0.335322775,-9.752185356,-10.08676712,0.004680238
GR,21,0.091343968,2.541732788,-0.134458066,-12.12805629,-12.26244993,0.010528108
GR,22,0.089793792,1.897356033,-0.638070753,-10.15599335,-10.79426966,0.012430353
GR,23,0.060317659,1.230417252,-0.23721213,-2.888516229,-3.125728359,0.030134777
GR,24,0.057008157,1.698617935,0.083940972,-7.277606065,-7.193648655,0.002725833
GR,25,0.045823563,1.057962418,0.012127115,-6.161817501,-6.149463699,0.001892487
GR,26,0.075979779,2.655056953,-0.065942242,-8.677207772,-8.742238974,0.00387734
GR,27,0.071072425,2.061427116,0.117965412,-9.401256729,-9.28397197,-0.003094963
GR,28,0.100323524,1.71489048,-0.206724794,-10.35063354,-10.58270741,0.013573905
GR,29,0.052085988,2.134046555,-0.111987109,-3.397732736,-3.518032122,0.0050787
GR,30,0.048922969,2.732665062,-0.018581856,-6.877891078,-6.896712643,0.000771572
GR,31,0.054427249,2.66174984,0.086936631,-6.965661653,-6.879503834,-0.002327918
GR,32,0.065041394,2.066455841,0.042126004,-9.889767117,-9.867059858,-0.007955022
GR,33,0.094455744,1.362327576,-0.15145025,-15.51092951,-15.66252178,0.000614302
GR,34,0.105959079,1.818993568,0.137123799,-13.04976479,-12.91208213,0.000687816
GR,35,0.109328177,2.486883163,-0.308561977,-5.421788872,-5.730350849,0.02856121
GR,36,0.072042681,2.519422531,-0.211458403,-2.858761933,-3.070258172,0.005416405
GR,37,0.087406777,1.844779968,-0.151516595,-10.6065712,-10.75914066,0.003003513
GR,38,0.095090309,2.018694878,-0.173777393,-12.8159896,-12.98829511,0.002608896
GR,39,0.119577702,2.612112999,0.211496022,-2.191715804,-1.980199376,0.002455267
GR,40,0.131071002,2.977286339,-0.024865121,-13.23791185,-13.26277697,-0.006398424
GR,41,0.072388644,1.227848053,-0.071899227,-9.266321498,-9.338220725,0.013547105
GR,42,0.067310917,2.526093483,0.096451438,-4.767790799,-4.671341858,0.003180368
GR,43,0.118170529,1.326741219,-0.361287252,-17.27738447,-17.64036258,-0.014052261
GR,44,0.089243965,1.772413254,0.059227765,-12.45710918,-12.40536633,-0.005749118
GR,45,0.102267005,1.958350182,-0.10304663,-12.34775157,-12.44949058,-0.00402997
GR,46,0.069807106,1.586787224,0.354831745,-9.743281946,-9.388340094,0.018136401
GR,47,0.048007502,1.282569885,-0.023579941,-7.660665922,-7.684411888,0.002104932
GR,48,0.031549331,2.972917557,-0.18244129,-1.760656043,-1.943064465,0.007581237
GR,49,0.117872004,1.21505928,-0.130618563,-17.41270594,-17.54031976,-0.014280269
GR,50,0.096186218,1.335744858,-0.170642446,-12.1320104,-12.30265284,-0.00853291
GR,51,0.129801198,1.608346939,0.073548152,-17.41500262,-17.34150935,-0.010187595
GR,52,0.107834714,1.764964104,0.14205234,-16.51482052,-16.37276818,-0.005424456
GR,53,0.07252575,2.981550217,-0.018354606,-8.329418641,-8.350898136,0.023913881
GR,54,0.071374923,2.648979187,0.051074037,-2.532534832,-2.482820195,0.015377367
GR,55,0.102933111,1.802242279,-0.054758687,-15.72548815,-15.78023305,-0.006830098
GR,56,0.100214993,2.027989388,-0.115403537,-11.81108572,-11.92648925,-0.012908737
GR,57,0.121909889,2.650017738,-0.230660041,-8.143609137,-8.375130366,-0.006242232
GR,58,0.0750999,2.498958588,0.056658395,-4.723201289,-4.671164131,0.017651645
GR,59,0.078261344,2.847744942,-0.023289713,-3.760338693,-3.783720301,0.002591334
GR,60,0.051852101,1.277709007,0.096802859,-0.348242078,-0.251437764,0.019615693
GR,61,0.068519253,1.751506805,0.012929296,-8.25126948,-8.238468131,-0.005351669
GR,62,0.10508146,1.770494461,-0.097237758,-12.21905676,-12.31629452,-0.015906118
GR,63,0.082616169,2.114864349,-0.105337189,-9.459050221,-9.563508961,0.016153366
GR,64,0.111109958,2.50069809,-0.133291395,2.742527329,2.609654697,0.027644935
GR,65,0.077413863,2.483302116,0.035276328,-4.173384652,-4.132696112,0.009972851
GR,66,0.060522721,1.36724472,-0.036490126,-0.396203507,-0.430053266,0.022459226
GR,67,0.065540485,1.920248032,-0.180713238,-6.778494689,-6.959458079,-0.002437448
GR,68,0.11576394,1.997340202,-0.470763526,-15.02382946,-15.49610021,-0.00413804
GR,69,0.079836094,1.790923119,0.06227918,-8.944174167,-8.881915192,0.012528033
GR,70,0.096877953,2.428386688,-0.085952151,-9.877448272,-9.964094173,0.016544587
GR,71,0.117812018,2.555996895,-0.081012577,-44.38576647,-44.46804357,0.014266129
GR,72,0.060140964,1.361385345,-0.238148815,-5.556961962,-5.794742087,0.007696936
GR,73,0.103742763,1.74898243,-0.358416474,-16.15112343,-16.52959827,-0.010726271
GR,74,0.120448265,2.303640366,0.04700043,-13.50511803,-13.45688938,-0.003391005
GR,75,0.087912933,2.881391525,0.171273023,-7.808004961,-7.637663432,0.019794194
GR,76,0.089850411,1.915349007,0.000692348,-9.053679592,-9.052882981,0.012639854
GR,77,0.067725608,1.368673325,0.080852791,-7.746298894,-7.665446103,0.010657583
GR,78,0.061601311,1.516861916,-0.045953876,-4.223879304,-4.270395753,0.016458329
GR,79,0.085268076,1.990854263,-0.370303198,1.249371372,0.877504447,0.0046351
GR,80,0.095883629,2.42497921,-0.242243229,1.536694533,1.294451304,0.01057027
GR,81,0.097433795,3.899349213,0.14301195,-4.481765599,-4.339004207,0.024519578
GR,82,0.067396385,1.836144447,0.195736768,-4.896262374,-4.700501069,0.013517536
GR,83,0.080429516,1.886773109,-0.216928686,-8.100304395,-8.317241647,0.020410949
GR,84,0.071554223,1.679481506,-0.19140699,-6.874746194,-7.064015659,0.013708493
GR,85,0.098208407,2.635633469,-0.310779732,5.534680328,5.224778525,0.019585301
GR,86,0.141490324,2.197109222,0.362183755,-6.502626561,-6.140442806,-0.004400258
GR,87,0.091928614,2.993947983,0.737188502,-0.980986418,-0.242863674,0.021300398
GR,88,0.073753818,2.389843941,0.190691758,-2.581070546,-2.381103422,0.016147277
GR,89,0.073759636,1.937427521,-0.148230184,-1.811393838,-1.965723789,0.002041938
GR,90,0.069733209,1.611077309,0.191747294,-7.932505363,-7.740416035,0.012281932
GR,91,0.125120765,2.550257683,-0.245821744,-9.725666003,-9.958510944,0.000425483
GR,92,0.100697921,2.535458565,0.114677411,-1.750396919,-1.645630404,0.002670173
GR,93,0.101325853,2.142720222,-0.186421157,-10.88235836,-11.06900379,0.006630481
GR,94,0.134712495,2.368071556,0.17330215,-18.49193542,-18.31863327,0.003571412
GR,95,0.078471102,2.199707985,-0.114048651,-5.856829828,-5.970890134,0.015628843
GR,96,0.066457121,2.091284752,0.396577599,-5.601022935,-5.204648269,0.002089034
NDR,1,0.053123556,3.057861805,0.117278891,-4.460522844,-4.342463221,0.003126081
NDR,2,4.15E-07,0.202487946,0.010242768,-0.007091478,0.00315129,2.52E-06
NDR,3,0.073643274,1.930519104,0.009428082,-4.11395935,-4.105145898,-0.004000427
NDR,4,0.068218703,1.125692844,-0.043357599,-3.167246043,-3.210968356,-0.004726062
NDR,5,0.068166138,1.337885857,0.004509484,-2.47611902,-2.47110478,-0.010903724
NDR,6,0.082644052,1.991157532,0.137782678,3.488026452,3.625028388,0.00116129
NDR,7,0.067605767,1.258526802,-0.074934656,-3.77775412,-3.85351259,-0.004461347
NDR,8,0.058691134,1.642237186,0.096675576,-4.728049382,-4.631017938,-0.005047616
NDR,9,0.067261858,2.107614994,0.026281391,-4.967369676,-4.941521154,-0.007616525
NDR,10,0.072131326,1.125041008,-0.009431263,-4.354703015,-4.364094463,-0.005982714
NDR,11,0.069864691,1.549998283,-0.066276887,-2.272797466,-2.348595811,-0.006277
NDR,12,0.080771089,1.908389091,0.106568404,-3.559619196,-3.453472716,0.003566657
NDR,13,0.047842351,0.832741261,-0.12040754,-4.728428967,-4.848836507,0.002959207
NDR,14,0.05714083,1.398088455,0.052582372,-3.503521405,-3.450939034,0.006301216
NDR,15,0.092910126,2.430309772,-0.361177517,-12.51925812,-12.88075276,-0.017045196
NDR,16,0.093382682,1.754495621,0.161527897,2.49089807,2.651992666,-0.007549406
NDR,17,0.061403428,1.270794868,-0.068823066,-4.067260906,-4.136083973,-0.000194741
NDR,18,0.075153329,1.764900208,0.019761194,-5.724437461,-5.702978505,0.002874798
NDR,49,0.037376604,1.172475815,0.207732976,-3.06853066,-2.860797685,0.012700299
NDR,50,0.078875181,2.174548626,0.111176473,-5.300100144,-5.204949885,-0.009054202
NDR,51,0.083049584,2.204275608,0.147027136,0.302078811,0.442284249,0.005148274
NDR,52,0.040705609,1.269015312,0.022438299,-3.444867146,-3.422729824,0.011787702
NDR,53,0.043424314,1.425429821,-0.133614458,-1.323681274,-1.457576018,0.030545489
NDR,54,0.045925888,2.138208866,0.22566463,-3.099616521,-2.869988428,0.027814275
NDR,55,0.035208991,1.541837215,0.370893926,-1.988749195,-1.617855269,0.029996
NDR,56,0.061191409,2.633535624,0.621528374,-2.068808719,-1.667220455,0.038677779
NDR,57,0.055755675,1.850649834,0.010721707,-3.927893017,-3.916166381,0.014417086
NDR,58,0.099605867,0.995331764,-0.074017782,-7.829473247,-7.90336397,-0.021683405
NDR,59,0.065105596,2.348055363,0.193781208,-2.293167507,-2.099322273,0.005922519
NDR,60,0.100848326,2.755189896,0.109234906,-4.151610019,-4.037481663,-0.004170986
NDR,61,0.030110682,2.148291588,0.05496264,-2.141813085,-2.089660705,0.016008036
NDR,62,0.06576468,3.065278053,-0.490824782,5.487602205,4.996816256,0.024138295
NDR,63,0.114508597,2.826141119,1.140774685,14.17272267,15.31314606,0.016940288
NDR,64,0.096676507,2.407185078,-0.561792759,1.726103648,1.165694431,0.027811609
NDR,65,0.066474589,2.492760181,0.014772714,-2.40385269,-2.389031342,0.010930164
NDR,66,0.056674118,1.821083069,-0.027355229,-4.221574032,-4.246375512,0.006033364
NDR,67,0.017066877,1.707327843,0.071525547,-1.325840487,-1.254163338,0.017479947
NDR,68,0.030319972,2.457386494,0.602988635,-3.573570317,-2.97084317,0.022418958
NDR,69,0.064733111,2.157062054,-0.229570469,-2.865974552,-3.096406307,0.028159204
NDR,70,0.057943331,2.369102478,0.211422212,-1.292738497,-1.081315846,0.02980521
NDR,71,0.058258064,2.908443928,-0.19704672,-2.225349928,-2.422396648,0.034220395
NDR,72,0.027599949,1.404259682,0.096252709,-2.279853707,-2.183922476,0.020115171
NDR,73,0.042754356,1.343426228,0.185982953,-2.416921932,-2.231108803,0.009309325
NDR,74,0.040728502,1.487874508,0.052628138,-0.958346048,-0.908151441,0.010324731
NDR,75,0.033725943,0.692293167,0.151456944,-0.838802175,-0.684564,0.017687665
NDR,76,0.075247386,2.116553307,0.320211239,-4.527947195,-4.198311796,0.013257972
NDR,77,0.077957773,1.828276634,0.007917347,-7.170918875,-7.16268156,0.015468117
NDR,78,0.059587339,2.946994305,0.073031821,-3.792353908,-3.721088615,0.016427951
NDR,79,0.126159337,3.195376754,-0.463748165,8.845193305,8.382153343,0.007912486
NDR,80,0.057228922,2.581887484,0.154158386,-2.725728528,-2.555603713,0.016263106
NDR,81,0.038552477,1.155982971,0.170590227,-1.547248179,-1.377769743,0.009064525
NDR,82,0.047332292,1.150579453,-0.137755672,-4.325349332,-4.47113673,0.010900894
NDR,83,0.128520642,3.084185839,-0.099931543,-21.30320812,-21.28413635,-0.007009376
NDR,84,0.077523811,3.591208935,0.051762481,-8.218919903,-8.16493703,0.010194618
NDR,85,0.145769725,2.859003544,-0.057487199,20.95027995,20.92373954,0.004460002
NDR,86,0.080033895,3.396178722,-0.227068769,-10.7885148,-11.01413466,0.005525073
NDR,87,0.060943284,1.51893568,0.192992874,-5.272964596,-5.105096439,0.012648892
NDR,88,0.064259395,1.577965736,-0.201136279,-8.090334743,-8.290933483,0.002434257
NDR,89,0.052757106,2.740819931,0.033002885,-6.285826355,-6.257249023,0.010766477
NDR,90,0.095185645,3.434533596,-0.860951784,-10.53439747,-11.39546713,0.004181603
NDR,91,0.0941769,2.828168511,0.01030924,-2.743710802,-2.732913233,0.013729301
NDR,92,0.09316158,3.386520863,-1.55841632,-1.518591128,-3.092854428,0.000922673
NDR,93,0.072302985,1.993272781,0.160526097,-7.529530564,-7.371533085,0.009429356
NDR,94,0.080031263,1.644609928,0.070231692,-8.229964685,-8.159961604,0.004358602
NDR,95,0.071633187,1.140267849,0.01474966,-6.190549653,-6.175885347,-0.001707262
NDRC,1,0.062591222,1.432828903,-0.039663436,-5.675742393,-5.714960101,-0.006019656
NDRC,2,0.064816569,2.291246533,-0.041168417,-4.964752046,-5.004287812,-0.006992567
NDRC,3,0.041927793,1.607534617,0.028458618,-5.241326821,-5.213192309,0.005050632
NDRC,4,0.066673913,1.470050067,0.151173431,-7.698740857,-7.554513512,0.006640252
NDRC,5,0.066551036,1.736052632,-0.184136789,-8.26729843,-8.451098641,0.001939246
NDRC,6,0.052031264,1.555082258,-0.0237035,-7.940653842,-7.965452765,0.006805719
NDRC,7,0.062541683,2.339814425,0.023244521,-0.646823591,-0.6207406,0.015856063
NDRC,8,0.085383094,4.146359205,-0.131152454,10.36511978,10.21885575,0.004323036
NDRC,9,0.041352482,1.56419158,0.131538791,-2.460942817,-2.328537879,0.006052633
NDRC,10,0.071062023,1.629784763,-0.048963206,-6.020017357,-6.068980563,-0.002510165
NDRC,11,0.07737025,1.583583012,-0.097317431,-8.617141112,-8.713027704,-0.002950253
NDRC,12,0.068434968,2.336531878,0.151059125,-8.007197702,-7.863581826,-0.003837437
NDRC,13,0.114847752,3.54434514,-0.060038314,27.01179549,26.95213199,0.01397833
NDRC,14,0.120827496,3.298389196,0.021014754,2.829266902,2.847798481,-0.006265574
NDRC,15,0.085743945,2.041680455,-0.73388837,-4.003224285,-4.730536484,-0.004003539
NDRC,16,0.078008569,1.902160645,0.225815469,-6.020139809,-5.794114494,0.005589043
NDRC,17,0.071682018,1.957097828,0.106503703,-6.624977121,-6.52198893,0.002762712
NDRC,18,0.074505803,1.622623742,-0.133462337,-9.659572553,-9.792130766,-0.008922395
NDRC,19,0.137667045,5.231458664,0.288342739,37.03228243,37.30563328,0.020393139
NDRC,20,0.111117127,2.995978594,-0.031283898,-3.691984607,-3.723034513,-0.002002465
NDRC,21,0.078218941,2.966520309,0.228081059,-3.050408243,-2.819017878,0.005185484
NDRC,22,0.053349605,1.501313686,0.076377286,-5.438360802,-5.362056651,-0.000727006
NDRC,23,0.048263603,1.181788683,-0.067049887,-5.583466527,-5.650516414,0.000620347
NDRC,24,0.063341743,1.481076479,0.040959568,-7.014745466,-6.982409045,0.003920312
NDRC,25,0.066092869,3.848618507,0.371119799,-1.696688344,-1.325744096,0.015946872
NDRC,26,0.086949196,2.676174164,-0.065735616,-6.604889088,-6.670233284,-0.001388576
NDRC,27,0.084382421,2.217090845,0.027405076,-8.444706565,-8.42375551,-0.001972847
NDRC,28,0.119794701,2.193898201,-0.633418298,-10.33824713,-10.97130895,-0.001904356
NDRC,29,0.109614723,2.61515069,-0.029346669,-2.401557782,-2.442850791,0.006430188
NDRC,30,0.087174238,2.236639619,-0.087002583,-6.598513719,-6.685547026,0.007001374
NDRC,31,0.086167526,2.224069595,-0.019346806,-3.874439488,-3.893683224,0.007104696
NDRC,32,0.111186022,2.309038639,0.162692554,-9.565962203,-9.405329911,-0.015916637
NDRC,33,0.078705974,2.677932739,0.512618193,-5.837427788,-5.323578816,-0.001142208
NDRC,34,0.075432957,2.242198229,0.023656214,-5.692922288,-5.657348957,0.006273022
NDRC,35,0.071069155,1.934051752,-0.384176271,-4.927242787,-5.312945086,0.000785028
NDRC,36,0.072222802,2.185354114,0.08065427,-7.093556519,-7.011347151,0.005111856
NDRC,37,0.08856459,1.909742832,0.211446866,-6.451558115,-6.240005189,0.012199708
NDRC,38,0.074904651,2.099192142,0.263956019,-6.291860846,-6.029208718,0.003897488
NDRC,39,0.088313161,4.003973722,-0.180444402,4.516184157,4.325374424,0.020620663
NDRC,40,0.128062964,2.577818394,-0.156807504,-3.364987965,-3.529127498,-0.010787869
NDRC,41,0.057174595,0.942970753,-0.11520979,-5.832637015,-5.956404105,0.003704319
NDRC,42,0.058011467,1.642694473,-0.098117485,-7.500579151,-7.598860975,-0.002940863
NDRC,43,0.118329034,1.909290791,0.001981973,-4.482684504,-4.482628063,0.008895976
NDRC,44,0.111553209,1.444077969,-0.17933358,-13.2908769,-13.45871501,-0.003372514
NDRC,45,0.07773813,1.71951437,0.276450201,-9.915563908,-9.639214999,-0.006973018
NDRC,46,0.079020069,1.240619421,-0.270935029,-9.16495394,-9.435510405,0.002765706
NDRC,47,0.079887978,1.328225613,-0.012677451,-10.26967071,-10.28725156,-0.002841689
NDRC,48,0.05718184,1.46263814,-0.089075509,-5.9949737,-6.084289458,-0.007188158
NDRC,49,0.091239551,1.470611095,0.135318045,-5.002865683,-4.866387666,0.011951399
NDRC,50,0.091257282,1.402919292,-0.366273652,-12.52592538,-12.89342256,-0.007811911
NDRC,51,0.078083088,1.281193256,-0.005262543,-9.211079613,-9.216619814,-0.003163612
NDRC,52,0.086688375,1.172025681,0.01874326,-10.09269587,-10.07492896,-0.005762332
NDRC,53,0.067883282,1.256109715,0.247805155,-7.678619697,-7.433235819,0.001412315
NDRC,54,0.066794363,1.588760138,-0.01234081,-10.81697785,-10.83013391,-0.009042549
NDRC,55,0.084132462,1.497770786,-0.257576878,-5.392273912,-5.658213122,0.016243332
NDRC,56,0.084943914,1.52696228,0.121282029,-8.920099537,-8.798516141,-0.010692979
NDRC,57,0.072730063,1.28004837,-0.063960669,-8.156126208,-8.222948158,0.006641515
NDRC,58,0.073949406,1.63527298,0.041711503,-9.822455419,-9.784322537,0.003621645
NDRC,59,0.068857574,1.100817919,0.017839257,-9.007445626,-8.994843194,0.001440393
NDRC,60,0.055510696,1.384259224,-0.30231192,-6.455632106,-6.759204519,-5.93E-05
NDRC,61,0.09010714,3.405098915,0.299134847,18.19143508,18.49060429,0.016907673
NDRC,62,0.081420227,3.356049061,0.204425613,4.24497959,4.449080893,-0.001668672
NDRC,63,0.069306443,1.061824322,-0.29170323,-5.501697111,-5.796000983,0.006434223
NDRC,64,0.078909546,1.124883175,0.6840617,-12.95845538,-12.27459568,0.011937897
NDRC,65,0.085424293,1.44804287,-0.286954975,-11.69519169,-11.98717402,-0.003088495
NDRC,67,0.089427798,3.261968613,0.158756299,33.12956397,33.2893198,0.021048442
NDRC,68,0.117218724,3.665039063,-0.649895784,7.26231947,6.63779829,0.009792084
NDRC,69,0.075178799,1.354579926,-0.035778739,-8.451272424,-8.488153505,0.002920114
NDRC,70,0.072805702,1.227046967,0.043582862,-7.634721579,-7.592889991,-0.003696305
NDRC,71,0.071784494,1.023029327,0.075100759,-6.372278062,-6.290184778,-0.000532343
NDRC,72,0.067481182,1.508483887,0.326865864,-7.605651099,-7.277896524,0.003811787
NDRC,73,0.076649701,1.932235718,0.111847791,2.838810496,2.963196175,0.011586096
NDRC,76,0.083970347,1.321018219,0.070288019,-8.513241307,-8.435860353,-0.001193707
NDRC,77,0.087545047,2.095989227,0.673840485,-6.247567366,-5.570393827,0.004133731
NDRC,78,0.087940324,3.597812653,0.448028908,-6.656421751,-6.149060749,-0.005906989
NDRC,79,0.079368352,1.204759598,-0.027013931,-6.514419023,-6.53221719,0.005344753
NDRC,80,0.085855336,2.49640274,0.002689644,-5.878682825,-5.869386912,0.004709041
NDRC,81,0.089715457,2.304067612,-0.241896729,-4.138090288,-4.389859583,0.025754304
NDRC,82,0.087175995,2.563938141,0.451324677,-4.357925563,-3.912162757,-0.000880104
NDRC,83,0.102657148,2.239831924,-0.130558601,-10.70744973,-10.8491589,0.012221086
NDRC,84,0.121260949,2.472961426,-0.232901156,-8.666113261,-8.921779617,-0.00848235
NDRC,85,0.081373949,1.001708984,-0.432523713,-10.68509625,-11.11688797,-0.003815408
NDRC,86,0.064914478,1.628469467,-0.068193644,-8.854570187,-8.928120448,0.003779842
NDRC,87,0.060602646,2.154413223,0.495901732,-4.259597415,-3.783255727,0.008563755
NDRC,88,0.073443689,2.151943207,-0.14731965,-1.208976671,-1.321099026,0.013797397
NDRC,89,0.085111307,2.438476563,-0.258541081,-1.38508996,-1.647775931,-0.00217713
NDRC,90,0.081077613,2.132740021,0.614950149,-0.438505875,0.184040182,-0.008144363
NDRC,91,0.094987757,1.508152008,0.268125066,-10.39347062,-10.10390584,-0.013088221
NDRC,92,0.067929508,1.539283752,-0.135920443,-6.803031922,-6.957346207,-0.002963791
NDRC,93,0.09245032,1.356443405,-0.100196994,-14.81927987,-14.97052808,-0.004872746
NDRC,94,0.102285824,2.384719849,-0.021314826,-5.187627809,-5.174157524,0.01183686
NDRC,95,0.078223315,1.213495255,0.027561676,-9.271862777,-9.230628165,-0.002927597
NDRC,96,0.086548851,1.085887909,-0.236614686,-10.144753,-10.38307928,-0.007538322
PC,1,0.034362202,2.552780151,0.248604655,-2.032128681,-1.783524025,0.008637317
PC,2,0.035829745,2.811442375,-0.250312188,-0.752591905,-1.002904093,0.007928807
PC,3,0.039279681,2.094853401,0.175825547,-2.028701551,-1.853928781,-0.000949103
PC,4,0.038877315,1.91597271,-0.058581661,-3.228281436,-3.281769635,0.001136138
PC,5,0.043263122,1.708892822,0.092686191,-4.276772236,-4.184798982,-0.00126626
PC,6,0.04996708,2.088453293,0.079115262,-6.692173667,-6.613864129,-0.003827013
PC,7,0.052636215,1.833930016,0.135711679,-7.873298647,-7.737541608,0.004340862
PC,8,0.055249271,2.206014633,0.209834868,-8.221701599,-8.031154661,0.003503553
PC,9,0.065445936,1.748878479,0.008970134,-8.268507182,-8.25844264,0.004501775
PC,10,0.059557016,2.891447067,-0.130240805,-3.825957642,-3.956140222,-0.000132432
PC,11,0.042101088,2.419761658,-0.175694193,-1.654322894,-1.830017087,0.008172268
PC,12,0.038648613,2.206115723,0.049765178,-1.432385471,-1.382620293,0.008039768
PC,13,0.03635557,1.885994911,0.119098465,-1.806447332,-1.690075535,0.005749417
PC,15,0.038434739,1.905555725,0.063261353,-2.777243914,-2.714088358,0.006160431
PC,16,0.035677688,2.058573723,0.003238649,-1.709059101,-1.705698106,0.005596401
PC,17,0.038196098,1.996405602,0.188847912,-2.646458183,-2.457113825,0.011201721
PC,18,0.051865045,2.767841339,0.091093628,-2.634661375,-2.543915073,0.013332574
PC,19,0.046318914,2.918431282,-0.071670187,-2.79691842,-2.869391948,0.000417741
PC,20,0.068074668,2.636752129,0.017464363,-5.972662769,-5.955054624,0.017411672
PC,21,0.049745547,1.215392113,0.083577211,-4.147476957,-4.063899746,0.003881121
PC,22,0.039834206,0.766112804,-0.042331993,-0.723474389,-0.765806381,0.006038493
PC,23,0.040869398,1.074158192,-0.058156871,-3.454695167,-3.510191084,0.004548861
PC,24,0.034892076,1.384937286,0.088136313,-0.671442047,-0.583304315,0.001522081
PC,25,0.048871984,1.639660358,0.238208443,-1.830547551,-1.592406249,-0.003197534
PC,26,0.034782311,1.255264759,0.058404807,-2.406248317,-2.347843509,-0.001010533
PC,27,0.048415943,1.320363045,-0.244027601,-7.982304067,-8.226331668,-0.013977239
PC,28,0.037898475,1.323572159,0.126307469,-3.294149562,-3.167895708,-0.000351307
PC,29,0.040930542,0.916293144,0.007777001,-0.493837637,-0.485781294,0.016837328
PC,30,0.049782795,1.293139458,-0.093236911,-3.64211597,-3.735221429,0.02930601
PC,31,0.034737072,0.801989079,-0.138680392,-2.825004558,-2.961659193,0.00236878
PC,32,0.048397501,1.514176846,0.028946023,-3.277535987,-3.249077973,0.006377127
PC,33,0.036665893,1.484864235,0.247550431,-2.541045294,-2.293290285,0.015293699
PC,34,0.040295996,1.693907738,-0.043866073,-1.2971652,-1.340958334,0.015827164
PC,35,0.041152482,1.385358334,-0.138832895,-1.898825878,-2.037448748,0.002718512
PC,36,0.045832692,1.900835991,-0.033083069,-2.995713502,-3.028796572,-0.000511476
PC,37,0.056327316,1.325442314,0.162643219,-6.557531534,-6.394888314,-0.008734629
PC,38,0.042670445,1.347084999,0.078488328,-1.671031245,-1.592035733,0.002673825
PC,39,0.048803158,1.312662125,-0.118023226,-1.724841138,-1.843005651,0.011435218
PC,40,0.044436878,1.569672585,-0.134702975,-1.533133003,-1.667383143,0.015617721
PC,41,0.039646215,1.183597088,0.032423101,-0.306055857,-0.27376052,-0.0015156
PC,42,0.041143928,0.953121662,0.133209883,-0.918434578,-0.78548681,0.007864465
PC,43,0.03527578,1.183904648,-0.001661442,-0.701573101,-0.703475792,0.017134711
PC,44,0.036979283,1.389473438,0.138541065,-0.75195343,-0.613412365,0.01428287
PC,45,0.045761695,1.481301308,-0.109979078,-4.791722678,-4.901701756,0.000447842
PC,46,0.048638079,0.913671494,-0.013653387,-4.53402742,-4.547680807,-0.011793468
PC,47,0.049311,1.356861115,0.196732265,-3.111571752,-2.914839487,-0.009169912
PC,48,0.059914247,1.414411545,0.068974796,-2.081328051,-2.012353256,-0.009486634
PC,49,0.061769193,1.292263031,-0.008858223,-4.653557146,-4.66355554,-0.001469308
PC,50,0.049938759,1.247318268,-0.239411625,-2.915837377,-3.156628437,-0.012717857
PC,51,0.048757817,1.494361401,0.031417876,-4.108415445,-4.076534893,0.005131682
PC,52,0.048365614,1.500316143,0.075550836,-3.231925738,-3.159249411,0.001553079
PC,53,0.046992252,1.011435032,0.014494601,-1.901073015,-1.887615858,-0.00259329
PC,54,0.045951283,1.053471565,-0.036338323,-2.80789057,-2.844228893,-0.005132898
PC,55,0.043764431,0.881844521,-0.14613499,-3.502917421,-3.64905241,-0.008428873
PC,56,0.047743738,1.127923965,-0.060727037,-2.243783011,-2.304510049,-0.007462092
PC,57,0.050711072,1.507996559,0.097824788,-3.109944093,-3.012708842,-0.005886529
PC,58,0.050721281,1.369354248,0.111158883,-2.585540163,-2.474219826,-0.005845641
PC,59,0.045951467,1.087096214,-0.105511158,-3.893746328,-3.999451063,-0.008442809
PC,60,0.033564655,1.024997711,-0.050345279,-2.162752252,-2.211594971,-0.009876626
PC,61,0.040331328,1.428785324,0.041871041,-0.060039418,-0.018930684,0.004763319
PC,62,0.034706196,0.798937798,0.028810099,0.302699513,0.32719325,0.007850844
PC,63,0.035242621,0.862528324,-0.142402372,0.854784129,0.712334776,0.00455412
PC,64,0.028213344,0.665963173,0.105600109,0.12938451,0.234871015,0.006174165
PC,65,0.033018597,0.994831085,0.024763102,-1.165889267,-1.140710383,0.000158275
PC,66,0.044088421,0.932449341,0.083727809,0.049594529,0.130048793,0.004450721
PC,67,0.039552158,0.986570835,0.040411225,-1.627167993,-1.587732548,0.003576659
PC,68,0.039322426,0.797052383,0.065562797,-1.204564183,-1.143442234,-9.21E-05
PC,69,0.03760892,0.875139236,0.090717729,-2.618324882,-2.526378238,0.001848352
PC,70,0.02925248,1.120301962,-0.373575483,-1.162341789,-1.537901602,-0.002969977
PC,71,0.034412466,0.72731638,-0.103597246,-2.452103415,-2.558012928,0.003460765
PC,72,0.02902106,0.985416412,-0.090010166,-1.119456393,-1.209827812,0.003825432
PC,73,0.030601914,1.186934948,0.03918917,0.772457445,0.811834556,0.004796126
PC,74,0.023813664,0.67365694,0.180789409,0.075122217,0.255677462,0.00402629
PC,75,0.031977154,0.782952309,-0.029027501,-0.744452654,-0.773603655,0.002303251
PC,76,0.029040248,0.805592537,0.014350329,-1.474735455,-1.457445076,0.001578528
PC,77,0.031186899,0.841619492,-0.01816536,-1.300923239,-1.31970256,0.00254394
PC,78,0.026835049,0.694983959,0.052725516,-0.971535843,-0.919075712,0.002212309
PC,79,0.021562991,0.556621075,-0.033627496,-1.425452083,-1.459016793,-0.005529775
PC,80,0.025535413,0.957493067,0.023270688,-0.760305141,-0.736581725,0.001233706
PC,81,0.031725778,0.963728428,-0.094667161,-2.201201099,-2.295893675,-0.000826554
PC,82,0.024964005,0.824422359,0.080737858,0.623526782,0.704019599,0.005485073
PC,83,0.024427852,0.784860611,0.047424495,-0.328514002,-0.281341002,0.005672984
PC,84,0.022270751,0.954632759,0.053137951,-0.441374962,-0.387736267,0.005346676
PC,85,0.028464646,1.04989624,-0.105707878,-3.797860677,-3.902768491,-5.61E-05
PC,86,0.036459464,1.44406414,-0.043785323,-1.102716275,-1.146515613,0.007061658
PC,87,0.032643266,1.075581312,-0.085701246,0.073888058,-0.01164751,0.006607614
PC,88,0.033174934,1.601520777,-0.158186734,1.041881463,0.883694729,0.003465374
PC,89,0.023189721,1.531608582,-0.233368904,-0.657825018,-0.891630627,0.001274093
PC,90,0.034883855,1.296497107,-0.074502512,0.662019055,0.565412341,-0.002631347
PC,91,0.034353507,0.825078487,0.164788222,-1.504604822,-1.340600439,0.009661484
PC,92,0.030985846,1.038606644,-0.184622193,-0.153965785,-0.338680576,0.013431822
PC,93,0.029242316,1.437272549,-0.079282747,0.215654204,0.136405965,0.003162089
PC,94,0.029431656,1.283434391,-0.109094784,2.04932362,1.939780072,0.003943259
PC,95,0.028899163,1.320770264,-0.075768631,-0.063618141,-0.139243432,0.003522822
PC,96,0.039386569,1.270346642,0.06168055,-0.28862636,-0.226800676,0.000628431
PC,97,0.049271976,1.725748301,0.030385855,8.032501174,8.062215786,-0.002815905
PC,98,0.026685816,1.136469126,0.055818504,-0.302044683,-0.246336391,0.008418986
PC,99,0.0247882,1.767247915,-0.028369492,0.607330757,0.578745277,0.007699891
PC,100,0.028020573,1.571844816,0.295326201,-0.531681906,-0.235871567,0.01295518
PR,1,0.031116802,2.359882355,-0.049648694,-0.508660906,-0.558557949,0.013135001
PR,2,0.027999766,1.736750126,0.080057468,-0.21706218,-0.136863406,0.014676278
PR,3,0.029416537,1.805141926,-0.053346384,-0.481990256,-0.534866572,0.016233041
PR,4,0.024417033,1.049808502,-0.031264863,0.326000198,0.294544244,0.01411065
PR,5,0.021994308,1.319410801,0.044129488,0.350773794,0.39476517,0.011317738
PR,6,0.027922788,1.416841984,-0.197475637,-1.362596883,-1.560284151,-0.001791562
PR,7,0.03307429,0.709406376,-0.025377583,-2.325341543,-2.350698476,-0.003419902
PR,8,0.025402939,0.661160469,-0.015657104,-1.567065226,-1.582817212,-0.004122053
PR,9,0.039239139,1.282299995,0.132727909,-2.941424699,-2.805933813,-0.003258714
PR,10,0.039351944,3.091831207,-0.379767742,-0.053554842,-0.431322633,0.017487277
PR,11,0.025637437,1.518075466,0.056553131,0.364910789,0.416924986,0.004382765
PR,12,0.029793792,1.562668324,0.084587112,-1.070745507,-0.986275618,0.011099523
PR,13,0.02854775,0.991286755,-0.011889023,-1.345515858,-1.35740488,0.00414413
PR,15,0.015106321,0.926586151,0.059880145,-0.267487029,-0.207534159,0.009143347
PR,16,0.02337673,2.195293427,0.023144548,0.202146595,0.225302497,0.008719456
PR,17,0.030704734,1.044712543,-0.05533144,-1.13590394,-1.191235381,0.001998716
PR,18,0.024202933,0.848381996,0.002924141,-1.591220857,-1.588332027,-0.008889577
PR,19,0.031274128,1.023481369,0.08903154,-2.828586532,-2.73996193,-0.006967236
PR,20,0.035275873,1.073620796,-0.061499701,-1.889261462,-1.962769216,0.013893413
PR,21,0.027236746,1.068425179,-0.150520997,-0.289162421,-0.440249219,0.002210282
PR,22,0.030192827,1.914601803,0.096701683,-1.165248276,-1.068628168,0.019979849
PR,23,0.030920536,1.499573708,0.035351869,-1.727471359,-1.69243466,0.008985159
PR,24,0.02471715,1.559350014,0.071761912,-0.141533826,-0.069499825,0.016859752
PR,25,0.008060593,0.892658234,0.097769949,-0.422587018,-0.324817069,0.005635251
PR,26,0.018985869,2.189984322,-0.012423054,0.346728762,0.334154389,0.011271345
PR,27,0.030488921,1.589701653,-0.01192703,0.0992794,0.087196527,0.008173119
PR,28,0.035564115,1.457118988,-0.035484586,-2.122443952,-2.157928538,-0.004707802
PR,29,0.024972206,0.942670822,0.004164742,-1.906894653,-1.902616251,-0.006299961
PR,30,0.028901641,1.270757675,0.09488863,-1.763553012,-1.668664382,-0.001449441
PR,31,0.033140536,1.195788383,-0.160479185,-1.058806322,-1.218160962,0.00883815
PR,32,0.023568323,1.255998611,0.397529825,-0.64902099,-0.251880896,0.007829695
PR,33,0.039071608,0.690644264,-0.198264187,-1.596632811,-1.794790307,0.004549949
PR,34,0.03512974,1.955542088,-0.253212006,-0.892979419,-1.145934323,0.001819892
PR,35,0.029848846,1.343240261,0.178399066,-0.464948347,-0.286549281,0.007872036
PR,36,0.020417575,1.492920876,0.061750242,-0.64139609,-0.579748403,0.007571111
PR,37,0.03699854,2.459753513,-0.278993123,-1.054679852,-1.334016731,0.001678278
PR,38,0.036271252,1.36266613,0.096640647,-2.66341793,-2.566996839,-0.004519674
PR,39,0.02828802,0.93314743,0.014126536,-1.353425225,-1.339062638,-0.00667769
PR,40,0.028926666,1.092472076,-0.115879901,-1.152735594,-1.272399311,-0.003965372
PR,41,0.03027575,0.989155293,0.074692659,-1.5258242,-1.451367536,0.001710132
PR,42,0.031272308,1.276154518,0.036450284,0.05424598,0.090696264,0.012763712
PR,43,0.033749079,0.752871513,-0.077121987,-0.05370631,-0.131398564,0.008830989
PR,44,0.030107125,0.715939999,-0.015435513,-0.519616121,-0.535051634,-0.000742902
PR,45,0.028891833,1.844782352,-0.067071521,-0.41530557,-0.482593947,0.003284252
PR,46,0.031969458,1.056148529,-0.169774043,-0.626602287,-0.798435316,0.026396083
PR,47,0.029872294,2.545871258,-0.043346692,-1.344690561,-1.387712111,0.003156423
PR,48,0.035498079,1.305336475,-0.085785536,-2.74725502,-2.832987003,-0.0033574
PR,49,0.015431741,1.827492237,-0.073316763,-0.095076346,-0.168497259,0.000322874
PR,50,0.023209967,1.563716412,-0.072244479,-0.805809603,-0.877868532,-0.002891736
PR,51,0.028067263,0.890190125,-0.077365245,-1.004843745,-1.082263605,0.007924874
PR,52,0.030142166,1.56321907,-0.077697397,-0.906881181,-0.984578579,0.009586477
PR,53,0.031188842,0.911434174,0.0207308,-1.346870196,-1.326139396,0.007225463
PR,54,0.02986926,1.04009819,0.10813864,-1.621627744,-1.513489104,0.006965637
PR,55,0.029507005,1.896672249,0.117053253,-0.230143547,-0.113011976,0.015989055
PR,56,0.028231278,1.938678741,-0.101859469,-1.597759702,-1.699499369,0.002324152
PR,57,0.031495203,0.931627274,-0.125152956,-2.389322611,-2.514813544,-0.003707338
PR,58,0.018169277,1.217684746,0.300812092,-0.271553459,0.029258633,0.009441741
PR,59,0.020549482,1.6055336,0.04002613,-1.105116026,-1.065408132,-0.001301372
PR,60,0.039397688,1.05560112,-0.100982178,-3.159372589,-3.260354767,0.008262814
PR,61,0.028000825,0.783183098,0.070768876,-0.81474189,-0.742772264,0.003587286
PR,62,0.024569955,0.880724907,0.002528945,-1.094452884,-1.091858121,0.00822239
PR,63,0.033456367,0.990600586,-0.015774109,-1.273469657,-1.289310206,0.005255604
PR,64,0.034861462,1.191445351,0.032826949,-2.096417692,-2.063531076,0.002373007
PR,65,0.018427967,1.229515076,-0.078406005,-0.03246927,-0.110871585,-0.000890422
PR,66,0.02682679,1.0299263,0.050271429,-1.621387815,-1.57098908,0.000728045
PR,67,0.029736175,1.135967731,0.023632508,-1.906865921,-1.884491984,-0.002613953
PR,68,0.026042805,1.436738968,-0.050678987,-1.788421592,-1.839100579,0.001534773
PR,69,0.024528089,1.674688339,-0.181480954,-2.12611124,-2.308113758,0.000154798
PR,70,0.028927248,1.117944241,-0.084066006,-1.999333942,-2.083256383,0.003024971
PR,71,0.026336607,0.669965744,0.129896552,-0.583893488,-0.454395461,0.011494893
PR,72,0.024527346,0.927970886,-0.07225445,-0.349647694,-0.423184868,0.015419453
PR,73,0.024532241,0.86127758,-0.297526504,-1.01333724,-1.312796652,0.005052171
PR,74,0.024946016,0.825026512,-0.038699311,-0.980345472,-1.018975229,0.002176192
PR,75,0.020780552,0.990701675,0.018939164,-0.265101739,-0.24629871,0.003080958
PR,76,0.029704214,0.748559952,0.087279763,-0.709043254,-0.61135174,0.006437554
PR,77,0.02487092,0.889600277,-0.055565918,-1.947440135,-2.00360574,0.000880849
PR,78,0.03919426,1.128488064,0.068425931,-1.986149751,-1.917771216,0.002214758
PR,79,0.025137827,1.167775154,0.056853504,-0.881428642,-0.824341753,0.012432724
PR,80,0.0409544,1.880057812,-0.304605672,-4.045090779,-4.350262607,0.0040648
PR,81,0.034868168,1.195067406,-0.093936418,-0.840623546,-0.938473717,0.004400288
PR,82,0.028654283,2.142263412,-0.072554561,-0.499372601,-0.571962949,0.008531538
PR,83,0.027855525,2.16135931,-0.209943215,-1.807994033,-2.017937248,0.001265009
PR,84,0.029257681,1.752416611,-0.094873181,-1.232169391,-1.32704422,-0.001868889
PR,85,0.020398317,1.181002617,-0.122550608,-0.796188599,-0.918587423,-0.002434428
PR,86,0.024900906,1.523672581,0.086852896,-0.400988554,-0.314025877,0.005522858
PR,87,0.016767495,1.596995354,0.179024376,-0.984459243,-0.805434866,0.000423939
PR,88,0.042945373,1.284202576,-0.136347737,-4.081171734,-4.217519471,0.003544329
PR,89,0.042988418,1.835797071,-0.13267922,-1.718724086,-1.851697734,0.014755214
PR,90,0.022806727,1.774130583,0.153414299,-0.647148563,-0.49363211,0.003991384
PR,91,0.038604839,1.099451065,0.001256247,-1.876222835,-1.876059654,0.002443238
PR,92,0.029347072,2.251393318,0.135562073,0.354295805,0.489900773,0.000546075
PR,93,0.03531365,2.85656929,0.107794459,-1.298665237,-1.190820445,0.007299798
PR,94,0.038593035,2.923578262,-0.119606591,-2.343750207,-2.465603083,-0.002587763
PR,95,0.034762712,1.688945293,0.012827488,-1.645894254,-1.632874988,0.001245724
PR,98,0.027100147,1.746374607,-0.023958974,-1.777724688,-1.801895843,-0.000792383
PR,99,0.035012125,1.454706669,-0.070521384,-2.888953348,-2.959708078,0.005978628
PR,100,0.021872122,1.24456358,-0.081166762,-0.573524575,-0.654692178,0.00133354
NDR,18,0.07468715,1.334465981,0.072597453,-5.579953822,-5.507356369,0.002196221
NDR,19,0.05747958,0.951228142,-0.10216376,-1.508984841,-1.610897552,0.014414736
NDR,20,0.068245038,2.503838778,-0.009690751,-4.110716521,-4.121004093,0.006459887
NDR,25,0.055160913,0.775607824,0.733267195,-5.784734713,-5.058660202,0.005165548
NDR,26,0.064052394,1.205474377,0.319190227,-3.076878908,-2.755278924,0.010306293
NDR,27,0.05462679,1.309370041,0.431278133,-2.74130845,-2.31550912,0.016970386
NDR,28,0.070740475,1.170755386,0.134804325,-4.266850643,-4.132301576,0.002706226
NDR,29,0.078604355,1.066717863,-0.081910674,-5.532734857,-5.614330999,-0.006101859
NDR,30,0.066240747,1.4529109,0.04001156,-4.669793393,-4.629640024,0.005589252
NDR,31,0.061552821,1.025306463,-0.09834011,-5.039686974,-5.139786332,0.011829101
NDR,32,0.05066425,0.961656332,0.357147356,-1.688358751,-1.324309549,0.011901465
NDR,33,0.054384706,1.027527332,0.314872208,-2.841022678,-2.524834235,0.011084387
NDR,34,0.066164673,1.575377226,-0.127590991,-1.544111975,-1.673037987,0.015889957
NDR,35,0.081323199,1.689258099,-0.104832834,-4.302356038,-4.406363448,0.006058057
NDR,36,0.060262934,1.502959728,0.01418612,-3.116128429,-3.10328557,0.005353002
